Statistic,Quarter,State,value
General Government Surplus/Deficit - ESA2010 Code (B9),2000Q1,State,1184.0
General Government Surplus/Deficit - ESA2010 Code (B9),2000Q2,State,2953.0
General Government Surplus/Deficit - ESA2010 Code (B9),2000Q3,State,767.0
General Government Surplus/Deficit - ESA2010 Code (B9),2000Q4,State,363.0
General Government Surplus/Deficit - ESA2010 Code (B9),2001Q1,State,787.0
General Government Surplus/Deficit - ESA2010 Code (B9),2001Q2,State,1940.0
General Government Surplus/Deficit - ESA2010 Code (B9),2001Q3,State,-441.0
General Government Surplus/Deficit - ESA2010 Code (B9),2001Q4,State,-1115.0
General Government Surplus/Deficit - ESA2010 Code (B9),2002Q1,State,-551.0
General Government Surplus/Deficit - ESA2010 Code (B9),2002Q2,State,257.0
General Government Surplus/Deficit - ESA2010 Code (B9),2002Q3,State,156.0
General Government Surplus/Deficit - ESA2010 Code (B9),2002Q4,State,-569.0
General Government Surplus/Deficit - ESA2010 Code (B9),2003Q1,State,-287.0
General Government Surplus/Deficit - ESA2010 Code (B9),2003Q2,State,306.0
General Government Surplus/Deficit - ESA2010 Code (B9),2003Q3,State,-359.0
General Government Surplus/Deficit - ESA2010 Code (B9),2003Q4,State,845.0
General Government Surplus/Deficit - ESA2010 Code (B9),2004Q1,State,799.0
General Government Surplus/Deficit - ESA2010 Code (B9),2004Q2,State,714.0
General Government Surplus/Deficit - ESA2010 Code (B9),2004Q3,State,-521.0
General Government Surplus/Deficit - ESA2010 Code (B9),2004Q4,State,1037.0
General Government Surplus/Deficit - ESA2010 Code (B9),2005Q1,State,808.0
General Government Surplus/Deficit - ESA2010 Code (B9),2005Q2,State,-255.0
General Government Surplus/Deficit - ESA2010 Code (B9),2005Q3,State,57.0
General Government Surplus/Deficit - ESA2010 Code (B9),2005Q4,State,2064.0
General Government Surplus/Deficit - ESA2010 Code (B9),2006Q1,State,1928.0
General Government Surplus/Deficit - ESA2010 Code (B9),2006Q2,State,-424.0
General Government Surplus/Deficit - ESA2010 Code (B9),2006Q3,State,-543.0
General Government Surplus/Deficit - ESA2010 Code (B9),2006Q4,State,4171.0
General Government Surplus/Deficit - ESA2010 Code (B9),2007Q1,State,1433.0
General Government Surplus/Deficit - ESA2010 Code (B9),2007Q2,State,-1593.0
General Government Surplus/Deficit - ESA2010 Code (B9),2007Q3,State,-2150.0
General Government Surplus/Deficit - ESA2010 Code (B9),2007Q4,State,2838.0
General Government Surplus/Deficit - ESA2010 Code (B9),2008Q1,State,-1817.0
General Government Surplus/Deficit - ESA2010 Code (B9),2008Q2,State,-4565.0
General Government Surplus/Deficit - ESA2010 Code (B9),2008Q3,State,-4276.0
General Government Surplus/Deficit - ESA2010 Code (B9),2008Q4,State,-2509.0
General Government Surplus/Deficit - ESA2010 Code (B9),2009Q1,State,-4916.0
General Government Surplus/Deficit - ESA2010 Code (B9),2009Q2,State,-8038.0
General Government Surplus/Deficit - ESA2010 Code (B9),2009Q3,State,-6619.0
General Government Surplus/Deficit - ESA2010 Code (B9),2009Q4,State,-3943.0
General Government Surplus/Deficit - ESA2010 Code (B9),2010Q1,State,-16526.0
General Government Surplus/Deficit - ESA2010 Code (B9),2010Q2,State,-6318.0
General Government Surplus/Deficit - ESA2010 Code (B9),2010Q3,State,-13611.0
General Government Surplus/Deficit - ESA2010 Code (B9),2010Q4,State,-17309.0
General Government Surplus/Deficit - ESA2010 Code (B9),2011Q1,State,-4429.0
General Government Surplus/Deficit - ESA2010 Code (B9),2011Q2,State,-3938.0
General Government Surplus/Deficit - ESA2010 Code (B9),2011Q3,State,-11392.0
General Government Surplus/Deficit - ESA2010 Code (B9),2011Q4,State,-3561.0
General Government Surplus/Deficit - ESA2010 Code (B9),2012Q1,State,-4728.0
General Government Surplus/Deficit - ESA2010 Code (B9),2012Q2,State,-4023.0
General Government Surplus/Deficit - ESA2010 Code (B9),2012Q3,State,-3429.0
General Government Surplus/Deficit - ESA2010 Code (B9),2012Q4,State,-2687.0
General Government Surplus/Deficit - ESA2010 Code (B9),2013Q1,State,-4067.0
General Government Surplus/Deficit - ESA2010 Code (B9),2013Q2,State,-1901.0
General Government Surplus/Deficit - ESA2010 Code (B9),2013Q3,State,-3034.0
General Government Surplus/Deficit - ESA2010 Code (B9),2013Q4,State,-2482.0
General Government Surplus/Deficit - ESA2010 Code (B9),2014Q1,State,-2771.0
General Government Surplus/Deficit - ESA2010 Code (B9),2014Q2,State,-1416.0
General Government Surplus/Deficit - ESA2010 Code (B9),2014Q3,State,-2057.0
General Government Surplus/Deficit - ESA2010 Code (B9),2014Q4,State,-815.0
General Government Surplus/Deficit - ESA2010 Code (B9),2015Q1,State,-2255.0
General Government Surplus/Deficit - ESA2010 Code (B9),2015Q2,State,-541.0
General Government Surplus/Deficit - ESA2010 Code (B9),2015Q3,State,-1391.0
General Government Surplus/Deficit - ESA2010 Code (B9),2015Q4,State,-1191.0
General Government Surplus/Deficit - ESA2010 Code (B9),2016Q1,State,-1784.0
General Government Surplus/Deficit - ESA2010 Code (B9),2016Q2,State,179.0
General Government Surplus/Deficit - ESA2010 Code (B9),2016Q3,State,-1765.0
General Government Surplus/Deficit - ESA2010 Code (B9),2016Q4,State,1194.0
General Government Surplus/Deficit - ESA2010 Code (B9),2017Q1,State,-1081.0
General Government Surplus/Deficit - ESA2010 Code (B9),2017Q2,State,-113.0
General Government Surplus/Deficit - ESA2010 Code (B9),2017Q3,State,-1897.0
General Government Surplus/Deficit - ESA2010 Code (B9),2017Q4,State,2167.0
General Government Surplus/Deficit - ESA2010 Code (B9),2018Q1,State,-1710.0
General Government Surplus/Deficit - ESA2010 Code (B9),2018Q2,State,-179.0
General Government Surplus/Deficit - ESA2010 Code (B9),2018Q3,State,-1594.0
General Government Surplus/Deficit - ESA2010 Code (B9),2018Q4,State,3782.0
General Government Surplus/Deficit - ESA2010 Code (B9),2019Q1,State,-2008.0
General Government Surplus/Deficit - ESA2010 Code (B9),2019Q2,State,831.0
General Government Surplus/Deficit - ESA2010 Code (B9),2019Q3,State,-1107.0
General Government Surplus/Deficit - ESA2010 Code (B9),2019Q4,State,3698.0
General Government Surplus/Deficit - ESA2010 Code (B9),2020Q1,State,-3995.0
General Government Surplus/Deficit - ESA2010 Code (B9),2020Q2,State,-6317.0
General Government Surplus/Deficit - ESA2010 Code (B9),2020Q3,State,-6619.0
General Government Surplus/Deficit - ESA2010 Code (B9),2020Q4,State,-1845.0
General Government Surplus/Deficit - ESA2010 Code (B9),2021Q1,State,-5909.0
General Government Surplus/Deficit - ESA2010 Code (B9),2021Q2,State,-2014.0
General Government Surplus/Deficit - ESA2010 Code (B9),2021Q3,State,-2441.0
General Government Surplus/Deficit - ESA2010 Code (B9),2021Q4,State,4803.0
General Government Surplus/Deficit - ESA2010 Code (B9),2022Q1,State,-195.0
General Government Surplus/Deficit - ESA2010 Code (B9),2022Q2,State,1685.0
General Government Surplus/Deficit - ESA2010 Code (B9),2022Q3,State,2012.0
General Government Surplus/Deficit - ESA2010 Code (B9),2022Q4,State,5334.0
General Government Surplus/Deficit - ESA2010 Code (B9),2023Q1,State,483.0
General Government Surplus/Deficit - ESA2010 Code (B9),2023Q2,State,1571.0
General Government Surplus/Deficit - ESA2010 Code (B9),2023Q3,State,-65.0
General Government Surplus/Deficit - ESA2010 Code (B9),2023Q4,State,5850.0
General Government Surplus/Deficit - ESA2010 Code (B9),2024Q1,State,-615.0
General Government Surplus/Deficit - ESA2010 Code (B9),2024Q2,State,3094.0
General Government Surplus/Deficit - ESA2010 Code (B9),2024Q3,State,15591.0
General Government Surplus/Deficit - ESA2010 Code (B9),2024Q4,State,5200.0
General Government Surplus/Deficit - ESA2010 Code (B9),2025Q1,State,484.0
General Government Surplus/Deficit - ESA2010 Code (B9),2025Q2,State,2230.0
General Government Surplus/Deficit - ESA2010 Code (B9),2025Q3,State,-431.0
General Government Surplus/Deficit - ESA2010 Code (B9),2025Q4,State,9200.0
General Government Surplus/Deficit - ESA2010 Code (B9),2026Q1,State,751.0
General Government Surplus/Deficit ESA2010 (as percentage of quarterly GDP),2000Q1,State,4.628050074
General Government Surplus/Deficit ESA2010 (as percentage of quarterly GDP),2000Q2,State,11.03025008
General Government Surplus/Deficit ESA2010 (as percentage of quarterly GDP),2000Q3,State,2.797267997
General Government Surplus/Deficit ESA2010 (as percentage of quarterly GDP),2000Q4,State,1.265387801
General Government Surplus/Deficit ESA2010 (as percentage of quarterly GDP),2001Q1,State,2.64031337
General Government Surplus/Deficit ESA2010 (as percentage of quarterly GDP),2001Q2,State,6.363346618
General Government Surplus/Deficit ESA2010 (as percentage of quarterly GDP),2001Q3,State,-1.455765993
General Government Surplus/Deficit ESA2010 (as percentage of quarterly GDP),2001Q4,State,-3.541936879
General Government Surplus/Deficit ESA2010 (as percentage of quarterly GDP),2002Q1,State,-1.68128162
General Government Surplus/Deficit ESA2010 (as percentage of quarterly GDP),2002Q2,State,0.763578129
General Government Surplus/Deficit ESA2010 (as percentage of quarterly GDP),2002Q3,State,0.45792032
General Government Surplus/Deficit ESA2010 (as percentage of quarterly GDP),2002Q4,State,-1.6083415
General Government Surplus/Deficit ESA2010 (as percentage of quarterly GDP),2003Q1,State,-0.818256928
General Government Surplus/Deficit ESA2010 (as percentage of quarterly GDP),2003Q2,State,0.846703225
General Government Surplus/Deficit ESA2010 (as percentage of quarterly GDP),2003Q3,State,-1.007819175
General Government Surplus/Deficit ESA2010 (as percentage of quarterly GDP),2003Q4,State,2.179968231
General Government Surplus/Deficit ESA2010 (as percentage of quarterly GDP),2004Q1,State,2.101878229
General Government Surplus/Deficit ESA2010 (as percentage of quarterly GDP),2004Q2,State,1.813879132
General Government Surplus/Deficit ESA2010 (as percentage of quarterly GDP),2004Q3,State,-1.358729552
General Government Surplus/Deficit ESA2010 (as percentage of quarterly GDP),2004Q4,State,2.557627905
General Government Surplus/Deficit ESA2010 (as percentage of quarterly GDP),2005Q1,State,1.965530712
General Government Surplus/Deficit ESA2010 (as percentage of quarterly GDP),2005Q2,State,-0.596050606
General Government Surplus/Deficit ESA2010 (as percentage of quarterly GDP),2005Q3,State,0.134936505
General Government Surplus/Deficit ESA2010 (as percentage of quarterly GDP),2005Q4,State,4.657807497
General Government Surplus/Deficit ESA2010 (as percentage of quarterly GDP),2006Q1,State,4.25955629
General Government Surplus/Deficit ESA2010 (as percentage of quarterly GDP),2006Q2,State,-0.922431972
General Government Surplus/Deficit ESA2010 (as percentage of quarterly GDP),2006Q3,State,-1.172852405
General Government Surplus/Deficit ESA2010 (as percentage of quarterly GDP),2006Q4,State,8.804720516
General Government Surplus/Deficit ESA2010 (as percentage of quarterly GDP),2007Q1,State,2.887485025
General Government Surplus/Deficit ESA2010 (as percentage of quarterly GDP),2007Q2,State,-3.222404003
General Government Surplus/Deficit ESA2010 (as percentage of quarterly GDP),2007Q3,State,-4.46882915
General Government Surplus/Deficit ESA2010 (as percentage of quarterly GDP),2007Q4,State,5.685816284
General Government Surplus/Deficit ESA2010 (as percentage of quarterly GDP),2008Q1,State,-3.770902331
General Government Surplus/Deficit ESA2010 (as percentage of quarterly GDP),2008Q2,State,-9.676601645
General Government Surplus/Deficit ESA2010 (as percentage of quarterly GDP),2008Q3,State,-9.122884551
General Government Surplus/Deficit ESA2010 (as percentage of quarterly GDP),2008Q4,State,-5.569041211
General Government Surplus/Deficit ESA2010 (as percentage of quarterly GDP),2009Q1,State,-11.33621033
General Government Surplus/Deficit ESA2010 (as percentage of quarterly GDP),2009Q2,State,-18.66350232
General Government Surplus/Deficit ESA2010 (as percentage of quarterly GDP),2009Q3,State,-15.6973628
General Government Surplus/Deficit ESA2010 (as percentage of quarterly GDP),2009Q4,State,-9.637096919
General Government Surplus/Deficit ESA2010 (as percentage of quarterly GDP),2010Q1,State,-39.75404999
General Government Surplus/Deficit ESA2010 (as percentage of quarterly GDP),2010Q2,State,-15.18419149
General Government Surplus/Deficit ESA2010 (as percentage of quarterly GDP),2010Q3,State,-32.13320099
General Government Surplus/Deficit ESA2010 (as percentage of quarterly GDP),2010Q4,State,-41.59397349
General Government Surplus/Deficit ESA2010 (as percentage of quarterly GDP),2011Q1,State,-10.39306626
General Government Surplus/Deficit ESA2010 (as percentage of quarterly GDP),2011Q2,State,-9.023490696
General Government Surplus/Deficit ESA2010 (as percentage of quarterly GDP),2011Q3,State,-26.05606776
General Government Surplus/Deficit ESA2010 (as percentage of quarterly GDP),2011Q4,State,-8.277132016
General Government Surplus/Deficit ESA2010 (as percentage of quarterly GDP),2012Q1,State,-10.87002368
General Government Surplus/Deficit ESA2010 (as percentage of quarterly GDP),2012Q2,State,-9.032355319
General Government Surplus/Deficit ESA2010 (as percentage of quarterly GDP),2012Q3,State,-7.671411025
General Government Surplus/Deficit ESA2010 (as percentage of quarterly GDP),2012Q4,State,-6.137169939
General Government Surplus/Deficit ESA2010 (as percentage of quarterly GDP),2013Q1,State,-9.288605973
General Government Surplus/Deficit ESA2010 (as percentage of quarterly GDP),2013Q2,State,-4.204312998
General Government Surplus/Deficit ESA2010 (as percentage of quarterly GDP),2013Q3,State,-6.406423242
General Government Surplus/Deficit ESA2010 (as percentage of quarterly GDP),2013Q4,State,-5.356875689
General Government Surplus/Deficit ESA2010 (as percentage of quarterly GDP),2014Q1,State,-5.792857274
General Government Surplus/Deficit ESA2010 (as percentage of quarterly GDP),2014Q2,State,-2.85631308
General Government Surplus/Deficit ESA2010 (as percentage of quarterly GDP),2014Q3,State,-4.010581841
General Government Surplus/Deficit ESA2010 (as percentage of quarterly GDP),2014Q4,State,-1.577663703
General Government Surplus/Deficit ESA2010 (as percentage of quarterly GDP),2015Q1,State,-3.444572111
General Government Surplus/Deficit ESA2010 (as percentage of quarterly GDP),2015Q2,State,-0.824697335
General Government Surplus/Deficit ESA2010 (as percentage of quarterly GDP),2015Q3,State,-2.006972684
General Government Surplus/Deficit ESA2010 (as percentage of quarterly GDP),2015Q4,State,-1.659282016
General Government Surplus/Deficit ESA2010 (as percentage of quarterly GDP),2016Q1,State,-2.71749853
General Government Surplus/Deficit ESA2010 (as percentage of quarterly GDP),2016Q2,State,0.275032829
General Government Surplus/Deficit ESA2010 (as percentage of quarterly GDP),2016Q3,State,-2.545444075
General Government Surplus/Deficit ESA2010 (as percentage of quarterly GDP),2016Q4,State,1.575994658
General Government Surplus/Deficit ESA2010 (as percentage of quarterly GDP),2017Q1,State,-1.488720364
General Government Surplus/Deficit ESA2010 (as percentage of quarterly GDP),2017Q2,State,-0.156059447
General Government Surplus/Deficit ESA2010 (as percentage of quarterly GDP),2017Q3,State,-2.391466749
General Government Surplus/Deficit ESA2010 (as percentage of quarterly GDP),2017Q4,State,2.592817107
General Government Surplus/Deficit ESA2010 (as percentage of quarterly GDP),2018Q1,State,-2.103627179
General Government Surplus/Deficit ESA2010 (as percentage of quarterly GDP),2018Q2,State,-0.222171732
General Government Surplus/Deficit ESA2010 (as percentage of quarterly GDP),2018Q3,State,-1.858929333
General Government Surplus/Deficit ESA2010 (as percentage of quarterly GDP),2018Q4,State,4.334118245
General Government Surplus/Deficit ESA2010 (as percentage of quarterly GDP),2019Q1,State,-2.304404449
General Government Surplus/Deficit ESA2010 (as percentage of quarterly GDP),2019Q2,State,0.958245586
General Government Surplus/Deficit ESA2010 (as percentage of quarterly GDP),2019Q3,State,-1.181287588
General Government Surplus/Deficit ESA2010 (as percentage of quarterly GDP),2019Q4,State,3.852944126
General Government Surplus/Deficit ESA2010 (as percentage of quarterly GDP),2020Q1,State,-4.193646783
General Government Surplus/Deficit ESA2010 (as percentage of quarterly GDP),2020Q2,State,-7.299880799
General Government Surplus/Deficit ESA2010 (as percentage of quarterly GDP),2020Q3,State,-6.532683939
General Government Surplus/Deficit ESA2010 (as percentage of quarterly GDP),2020Q4,State,-1.891231568
General Government Surplus/Deficit ESA2010 (as percentage of quarterly GDP),2021Q1,State,-5.523257404
General Government Surplus/Deficit ESA2010 (as percentage of quarterly GDP),2021Q2,State,-1.888711625
General Government Surplus/Deficit ESA2010 (as percentage of quarterly GDP),2021Q3,State,-2.058742811
General Government Surplus/Deficit ESA2010 (as percentage of quarterly GDP),2021Q4,State,4.131719119
General Government Surplus/Deficit ESA2010 (as percentage of quarterly GDP),2022Q1,State,-0.158853815
General Government Surplus/Deficit ESA2010 (as percentage of quarterly GDP),2022Q2,State,1.333150493
General Government Surplus/Deficit ESA2010 (as percentage of quarterly GDP),2022Q3,State,1.451589846
General Government Surplus/Deficit ESA2010 (as percentage of quarterly GDP),2022Q4,State,3.94508534
General Government Surplus/Deficit ESA2010 (as percentage of quarterly GDP),2023Q1,State,0.369119317
General Government Surplus/Deficit ESA2010 (as percentage of quarterly GDP),2023Q2,State,1.22246455
General Government Surplus/Deficit ESA2010 (as percentage of quarterly GDP),2023Q3,State,-0.048339835
General Government Surplus/Deficit ESA2010 (as percentage of quarterly GDP),2023Q4,State,4.571633896
General Government Surplus/Deficit ESA2010 (as percentage of quarterly GDP),2024Q1,State,-0.461265947
General Government Surplus/Deficit ESA2010 (as percentage of quarterly GDP),2024Q2,State,2.295684248
General Government Surplus/Deficit ESA2010 (as percentage of quarterly GDP),2024Q3,State,10.80778821
General Government Surplus/Deficit ESA2010 (as percentage of quarterly GDP),2024Q4,State,3.477394389
General Government Surplus/Deficit ESA2010 (as percentage of quarterly GDP),2025Q1,State,0.303974541
General Government Surplus/Deficit ESA2010 (as percentage of quarterly GDP),2025Q2,State,1.500747435
General Government Surplus/Deficit ESA2010 (as percentage of quarterly GDP),2025Q3,State,-0.28989619
General Government Surplus/Deficit ESA2010 (as percentage of quarterly GDP),2025Q4,State,6.298962449
General Government Surplus/Deficit ESA2010 (as percentage of quarterly GDP),2026Q1,State,0.543220233
