Statistic,Year,Item,value
Modified Gross National Income at Constant Market Prices,1995,Gross national income at constant market prices - ESA code (B.5*g),112359
Modified Gross National Income at Constant Market Prices,1995,Total adjustments,-27
Modified Gross National Income at Constant Market Prices,1995,Modified gross national income (GNI*) at constant market prices,120351
Modified Gross National Income at Constant Market Prices,1996,Gross national income at constant market prices - ESA code (B.5*g),121014
Modified Gross National Income at Constant Market Prices,1996,Total adjustments,-80
Modified Gross National Income at Constant Market Prices,1996,Modified gross national income (GNI*) at constant market prices,129550
Modified Gross National Income at Constant Market Prices,1997,Gross national income at constant market prices - ESA code (B.5*g),131816
Modified Gross National Income at Constant Market Prices,1997,Total adjustments,-138
Modified Gross National Income at Constant Market Prices,1997,Modified gross national income (GNI*) at constant market prices,141044
Modified Gross National Income at Constant Market Prices,1998,Gross national income at constant market prices - ESA code (B.5*g),141483
Modified Gross National Income at Constant Market Prices,1998,Total adjustments,-214
Modified Gross National Income at Constant Market Prices,1998,Modified gross national income (GNI*) at constant market prices,151298
Modified Gross National Income at Constant Market Prices,1999,Gross national income at constant market prices - ESA code (B.5*g),152474
Modified Gross National Income at Constant Market Prices,1999,Total adjustments,-319
Modified Gross National Income at Constant Market Prices,1999,Modified gross national income (GNI*) at constant market prices,162933
Modified Gross National Income at Constant Market Prices,2000,Gross national income at constant market prices - ESA code (B.5*g),166110
Modified Gross National Income at Constant Market Prices,2000,Total adjustments,-494
Modified Gross National Income at Constant Market Prices,2000,Modified gross national income (GNI*) at constant market prices,177307
Modified Gross National Income at Constant Market Prices,2001,Gross national income at constant market prices - ESA code (B.5*g),168898
Modified Gross National Income at Constant Market Prices,2001,Total adjustments,-881
Modified Gross National Income at Constant Market Prices,2001,Modified gross national income (GNI*) at constant market prices,179765
Modified Gross National Income at Constant Market Prices,2002,Gross national income at constant market prices - ESA code (B.5*g),173373
Modified Gross National Income at Constant Market Prices,2002,Total adjustments,-1608
Modified Gross National Income at Constant Market Prices,2002,Modified gross national income (GNI*) at constant market prices,183605
Modified Gross National Income at Constant Market Prices,2003,Gross national income at constant market prices - ESA code (B.5*g),181274
Modified Gross National Income at Constant Market Prices,2003,Total adjustments,-2328
Modified Gross National Income at Constant Market Prices,2003,Modified gross national income (GNI*) at constant market prices,191189
Modified Gross National Income at Constant Market Prices,2004,Gross national income at constant market prices - ESA code (B.5*g),193574
Modified Gross National Income at Constant Market Prices,2004,Total adjustments,-2941
Modified Gross National Income at Constant Market Prices,2004,Modified gross national income (GNI*) at constant market prices,203627
Modified Gross National Income at Constant Market Prices,2005,Gross national income at constant market prices - ESA code (B.5*g),204486
Modified Gross National Income at Constant Market Prices,2005,Total adjustments,-4134
Modified Gross National Income at Constant Market Prices,2005,Modified gross national income (GNI*) at constant market prices,213863
Modified Gross National Income at Constant Market Prices,2006,Gross national income at constant market prices - ESA code (B.5*g),215160
Modified Gross National Income at Constant Market Prices,2006,Total adjustments,-5271
Modified Gross National Income at Constant Market Prices,2006,Modified gross national income (GNI*) at constant market prices,223915
Modified Gross National Income at Constant Market Prices,2007,Gross national income at constant market prices - ESA code (B.5*g),222890
Modified Gross National Income at Constant Market Prices,2007,Total adjustments,-5775
Modified Gross National Income at Constant Market Prices,2007,Modified gross national income (GNI*) at constant market prices,231591
Modified Gross National Income at Constant Market Prices,2008,Gross national income at constant market prices - ESA code (B.5*g),214226
Modified Gross National Income at Constant Market Prices,2008,Total adjustments,-6332
Modified Gross National Income at Constant Market Prices,2008,Modified gross national income (GNI*) at constant market prices,221651
Modified Gross National Income at Constant Market Prices,2009,Gross national income at constant market prices - ESA code (B.5*g),196460
Modified Gross National Income at Constant Market Prices,2009,Total adjustments,-8250
Modified Gross National Income at Constant Market Prices,2009,Modified gross national income (GNI*) at constant market prices,200152
Modified Gross National Income at Constant Market Prices,2010,Gross national income at constant market prices - ESA code (B.5*g),203220
Modified Gross National Income at Constant Market Prices,2010,Total adjustments,-13367
Modified Gross National Income at Constant Market Prices,2010,Modified gross national income (GNI*) at constant market prices,200608
Modified Gross National Income at Constant Market Prices,2011,Gross national income at constant market prices - ESA code (B.5*g),199208
Modified Gross National Income at Constant Market Prices,2011,Total adjustments,-14209
Modified Gross National Income at Constant Market Prices,2011,Modified gross national income (GNI*) at constant market prices,195157
Modified Gross National Income at Constant Market Prices,2012,Gross national income at constant market prices - ESA code (B.5*g),197581
Modified Gross National Income at Constant Market Prices,2012,Total adjustments,-16659
Modified Gross National Income at Constant Market Prices,2012,Modified gross national income (GNI*) at constant market prices,190233
Modified Gross National Income at Constant Market Prices,2013,Gross national income at constant market prices - ESA code (B.5*g),209065
Modified Gross National Income at Constant Market Prices,2013,Total adjustments,-17898
Modified Gross National Income at Constant Market Prices,2013,Modified gross national income (GNI*) at constant market prices,200934
Modified Gross National Income at Constant Market Prices,2014,Gross national income at constant market prices - ESA code (B.5*g),229246
Modified Gross National Income at Constant Market Prices,2014,Total adjustments,-20870
Modified Gross National Income at Constant Market Prices,2014,Modified gross national income (GNI*) at constant market prices,218698
Modified Gross National Income at Constant Market Prices,2015,Gross national income at constant market prices - ESA code (B.5*g),261582
Modified Gross National Income at Constant Market Prices,2015,Total adjustments,-44478
Modified Gross National Income at Constant Market Prices,2015,Modified gross national income (GNI*) at constant market prices,222731
Modified Gross National Income at Constant Market Prices,2016,Gross national income at constant market prices - ESA code (B.5*g),276121
Modified Gross National Income at Constant Market Prices,2016,Total adjustments,-52194
Modified Gross National Income at Constant Market Prices,2016,Modified gross national income (GNI*) at constant market prices,228296
Modified Gross National Income at Constant Market Prices,2017,Gross national income at constant market prices - ESA code (B.5*g),291873
Modified Gross National Income at Constant Market Prices,2017,Total adjustments,-57416
Modified Gross National Income at Constant Market Prices,2017,Modified gross national income (GNI*) at constant market prices,238400
Modified Gross National Income at Constant Market Prices,2018,Gross national income at constant market prices - ESA code (B.5*g),304188
Modified Gross National Income at Constant Market Prices,2018,Total adjustments,-64048
Modified Gross National Income at Constant Market Prices,2018,Modified gross national income (GNI*) at constant market prices,243042
Modified Gross National Income at Constant Market Prices,2019,Gross national income at constant market prices - ESA code (B.5*g),316399
Modified Gross National Income at Constant Market Prices,2019,Total adjustments,-70385
Modified Gross National Income at Constant Market Prices,2019,Modified gross national income (GNI*) at constant market prices,248059
Modified Gross National Income at Constant Market Prices,2020,Gross national income at constant market prices - ESA code (B.5*g),328032
Modified Gross National Income at Constant Market Prices,2020,Total adjustments,-88540
Modified Gross National Income at Constant Market Prices,2020,Modified gross national income (GNI*) at constant market prices,238877
Modified Gross National Income at Constant Market Prices,2021,Gross national income at constant market prices - ESA code (B.5*g),373854
Modified Gross National Income at Constant Market Prices,2021,Total adjustments,-100852
Modified Gross National Income at Constant Market Prices,2021,Modified gross national income (GNI*) at constant market prices,272309
Modified Gross National Income at Constant Market Prices,2022,Gross national income at constant market prices - ESA code (B.5*g),381776
Modified Gross National Income at Constant Market Prices,2022,Total adjustments,-96935
Modified Gross National Income at Constant Market Prices,2022,Modified gross national income (GNI*) at constant market prices,284847
Modified Gross National Income at Constant Market Prices,2023,Gross national income at constant market prices - ESA code (B.5*g),410159
Modified Gross National Income at Constant Market Prices,2023,Total adjustments,-107847
Modified Gross National Income at Constant Market Prices,2023,Modified gross national income (GNI*) at constant market prices,302198
Modified Gross National Income at Constant Market Prices,2024,Gross national income at constant market prices - ESA code (B.5*g),428399
Modified Gross National Income at Constant Market Prices,2024,Total adjustments,-106763
Modified Gross National Income at Constant Market Prices,2024,Modified gross national income (GNI*) at constant market prices,321636
Modified Gross National Income at Constant Market Prices,2025,Gross national income at constant market prices - ESA code (B.5*g),432374
Modified Gross National Income at Constant Market Prices,2025,Total adjustments,-95711
Modified Gross National Income at Constant Market Prices,2025,Modified gross national income (GNI*) at constant market prices,336663
