Statistic,Quarter,Type.of.House,value
New Dwelling Completions,2011Q1,Single house,1156
New Dwelling Completions,2011Q1,Scheme house,447
New Dwelling Completions,2011Q1,Apartment,272
New Dwelling Completions,2011Q1,All house types,1875
New Dwelling Completions,2011Q2,Single house,1194
New Dwelling Completions,2011Q2,Scheme house,380
New Dwelling Completions,2011Q2,Apartment,217
New Dwelling Completions,2011Q2,All house types,1791
New Dwelling Completions,2011Q3,Single house,1197
New Dwelling Completions,2011Q3,Scheme house,305
New Dwelling Completions,2011Q3,Apartment,185
New Dwelling Completions,2011Q3,All house types,1687
New Dwelling Completions,2011Q4,Single house,1267
New Dwelling Completions,2011Q4,Scheme house,226
New Dwelling Completions,2011Q4,Apartment,148
New Dwelling Completions,2011Q4,All house types,1641
New Dwelling Completions,2012Q1,Single house,797
New Dwelling Completions,2012Q1,Scheme house,211
New Dwelling Completions,2012Q1,Apartment,123
New Dwelling Completions,2012Q1,All house types,1131
New Dwelling Completions,2012Q2,Single house,847
New Dwelling Completions,2012Q2,Scheme house,194
New Dwelling Completions,2012Q2,Apartment,76
New Dwelling Completions,2012Q2,All house types,1117
New Dwelling Completions,2012Q3,Single house,868
New Dwelling Completions,2012Q3,Scheme house,244
New Dwelling Completions,2012Q3,Apartment,93
New Dwelling Completions,2012Q3,All house types,1205
New Dwelling Completions,2012Q4,Single house,989
New Dwelling Completions,2012Q4,Scheme house,315
New Dwelling Completions,2012Q4,Apartment,154
New Dwelling Completions,2012Q4,All house types,1458
New Dwelling Completions,2013Q1,Single house,638
New Dwelling Completions,2013Q1,Scheme house,174
New Dwelling Completions,2013Q1,Apartment,77
New Dwelling Completions,2013Q1,All house types,889
New Dwelling Completions,2013Q2,Single house,721
New Dwelling Completions,2013Q2,Scheme house,281
New Dwelling Completions,2013Q2,Apartment,144
New Dwelling Completions,2013Q2,All house types,1146
New Dwelling Completions,2013Q3,Single house,727
New Dwelling Completions,2013Q3,Scheme house,267
New Dwelling Completions,2013Q3,Apartment,39
New Dwelling Completions,2013Q3,All house types,1033
New Dwelling Completions,2013Q4,Single house,861
New Dwelling Completions,2013Q4,Scheme house,433
New Dwelling Completions,2013Q4,Apartment,213
New Dwelling Completions,2013Q4,All house types,1507
New Dwelling Completions,2014Q1,Single house,625
New Dwelling Completions,2014Q1,Scheme house,309
New Dwelling Completions,2014Q1,Apartment,160
New Dwelling Completions,2014Q1,All house types,1094
New Dwelling Completions,2014Q2,Single house,712
New Dwelling Completions,2014Q2,Scheme house,365
New Dwelling Completions,2014Q2,Apartment,241
New Dwelling Completions,2014Q2,All house types,1318
New Dwelling Completions,2014Q3,Single house,728
New Dwelling Completions,2014Q3,Scheme house,506
New Dwelling Completions,2014Q3,Apartment,170
New Dwelling Completions,2014Q3,All house types,1404
New Dwelling Completions,2014Q4,Single house,910
New Dwelling Completions,2014Q4,Scheme house,615
New Dwelling Completions,2014Q4,Apartment,177
New Dwelling Completions,2014Q4,All house types,1702
New Dwelling Completions,2015Q1,Single house,659
New Dwelling Completions,2015Q1,Scheme house,606
New Dwelling Completions,2015Q1,Apartment,106
New Dwelling Completions,2015Q1,All house types,1371
New Dwelling Completions,2015Q2,Single house,735
New Dwelling Completions,2015Q2,Scheme house,674
New Dwelling Completions,2015Q2,Apartment,161
New Dwelling Completions,2015Q2,All house types,1570
New Dwelling Completions,2015Q3,Single house,879
New Dwelling Completions,2015Q3,Scheme house,899
New Dwelling Completions,2015Q3,Apartment,255
New Dwelling Completions,2015Q3,All house types,2033
New Dwelling Completions,2015Q4,Single house,979
New Dwelling Completions,2015Q4,Scheme house,1115
New Dwelling Completions,2015Q4,Apartment,151
New Dwelling Completions,2015Q4,All house types,2245
New Dwelling Completions,2016Q1,Single house,686
New Dwelling Completions,2016Q1,Scheme house,926
New Dwelling Completions,2016Q1,Apartment,324
New Dwelling Completions,2016Q1,All house types,1936
New Dwelling Completions,2016Q2,Single house,872
New Dwelling Completions,2016Q2,Scheme house,1248
New Dwelling Completions,2016Q2,Apartment,248
New Dwelling Completions,2016Q2,All house types,2368
New Dwelling Completions,2016Q3,Single house,970
New Dwelling Completions,2016Q3,Scheme house,1216
New Dwelling Completions,2016Q3,Apartment,264
New Dwelling Completions,2016Q3,All house types,2450
New Dwelling Completions,2016Q4,Single house,1059
New Dwelling Completions,2016Q4,Scheme house,1638
New Dwelling Completions,2016Q4,Apartment,269
New Dwelling Completions,2016Q4,All house types,2966
New Dwelling Completions,2017Q1,Single house,865
New Dwelling Completions,2017Q1,Scheme house,1409
New Dwelling Completions,2017Q1,Apartment,466
New Dwelling Completions,2017Q1,All house types,2740
New Dwelling Completions,2017Q2,Single house,1023
New Dwelling Completions,2017Q2,Scheme house,1766
New Dwelling Completions,2017Q2,Apartment,444
New Dwelling Completions,2017Q2,All house types,3233
New Dwelling Completions,2017Q3,Single house,1107
New Dwelling Completions,2017Q3,Scheme house,1997
New Dwelling Completions,2017Q3,Apartment,611
New Dwelling Completions,2017Q3,All house types,3715
New Dwelling Completions,2017Q4,Single house,1215
New Dwelling Completions,2017Q4,Scheme house,2684
New Dwelling Completions,2017Q4,Apartment,631
New Dwelling Completions,2017Q4,All house types,4530
New Dwelling Completions,2018Q1,Single house,958
New Dwelling Completions,2018Q1,Scheme house,2005
New Dwelling Completions,2018Q1,Apartment,467
New Dwelling Completions,2018Q1,All house types,3430
New Dwelling Completions,2018Q2,Single house,1141
New Dwelling Completions,2018Q2,Scheme house,2750
New Dwelling Completions,2018Q2,Apartment,460
New Dwelling Completions,2018Q2,All house types,4351
New Dwelling Completions,2018Q3,Single house,1199
New Dwelling Completions,2018Q3,Scheme house,2827
New Dwelling Completions,2018Q3,Apartment,568
New Dwelling Completions,2018Q3,All house types,4594
New Dwelling Completions,2018Q4,Single house,1336
New Dwelling Completions,2018Q4,Scheme house,3362
New Dwelling Completions,2018Q4,Apartment,704
New Dwelling Completions,2018Q4,All house types,5402
New Dwelling Completions,2019Q1,Single house,1090
New Dwelling Completions,2019Q1,Scheme house,2563
New Dwelling Completions,2019Q1,Apartment,568
New Dwelling Completions,2019Q1,All house types,4221
New Dwelling Completions,2019Q2,Single house,1320
New Dwelling Completions,2019Q2,Scheme house,2830
New Dwelling Completions,2019Q2,Apartment,639
New Dwelling Completions,2019Q2,All house types,4789
New Dwelling Completions,2019Q3,Single house,1251
New Dwelling Completions,2019Q3,Scheme house,3311
New Dwelling Completions,2019Q3,Apartment,1038
New Dwelling Completions,2019Q3,All house types,5600
New Dwelling Completions,2019Q4,Single house,1409
New Dwelling Completions,2019Q4,Scheme house,3821
New Dwelling Completions,2019Q4,Apartment,1172
New Dwelling Completions,2019Q4,All house types,6402
New Dwelling Completions,2020Q1,Single house,1105
New Dwelling Completions,2020Q1,Scheme house,2838
New Dwelling Completions,2020Q1,Apartment,985
New Dwelling Completions,2020Q1,All house types,4928
New Dwelling Completions,2020Q2,Single house,871
New Dwelling Completions,2020Q2,Scheme house,1835
New Dwelling Completions,2020Q2,Apartment,516
New Dwelling Completions,2020Q2,All house types,3222
New Dwelling Completions,2020Q3,Single house,1454
New Dwelling Completions,2020Q3,Scheme house,2869
New Dwelling Completions,2020Q3,Apartment,703
New Dwelling Completions,2020Q3,All house types,5026
New Dwelling Completions,2020Q4,Single house,1518
New Dwelling Completions,2020Q4,Scheme house,4127
New Dwelling Completions,2020Q4,Apartment,1662
New Dwelling Completions,2020Q4,All house types,7307
New Dwelling Completions,2021Q1,Single house,977
New Dwelling Completions,2021Q1,Scheme house,2259
New Dwelling Completions,2021Q1,Apartment,720
New Dwelling Completions,2021Q1,All house types,3956
New Dwelling Completions,2021Q2,Single house,1155
New Dwelling Completions,2021Q2,Scheme house,2530
New Dwelling Completions,2021Q2,Apartment,1272
New Dwelling Completions,2021Q2,All house types,4957
New Dwelling Completions,2021Q3,Single house,1193
New Dwelling Completions,2021Q3,Scheme house,2476
New Dwelling Completions,2021Q3,Apartment,953
New Dwelling Completions,2021Q3,All house types,4622
New Dwelling Completions,2021Q4,Single house,1377
New Dwelling Completions,2021Q4,Scheme house,3406
New Dwelling Completions,2021Q4,Apartment,2125
New Dwelling Completions,2021Q4,All house types,6908
New Dwelling Completions,2022Q1,Single house,1105
New Dwelling Completions,2022Q1,Scheme house,2799
New Dwelling Completions,2022Q1,Apartment,1689
New Dwelling Completions,2022Q1,All house types,5593
New Dwelling Completions,2022Q2,Single house,1327
New Dwelling Completions,2022Q2,Scheme house,3934
New Dwelling Completions,2022Q2,Apartment,2317
New Dwelling Completions,2022Q2,All house types,7578
New Dwelling Completions,2022Q3,Single house,1511
New Dwelling Completions,2022Q3,Scheme house,3575
New Dwelling Completions,2022Q3,Apartment,2276
New Dwelling Completions,2022Q3,All house types,7362
New Dwelling Completions,2022Q4,Single house,1515
New Dwelling Completions,2022Q4,Scheme house,4822
New Dwelling Completions,2022Q4,Apartment,2739
New Dwelling Completions,2022Q4,All house types,9076
New Dwelling Completions,2023Q1,Single house,1172
New Dwelling Completions,2023Q1,Scheme house,3080
New Dwelling Completions,2023Q1,Apartment,2372
New Dwelling Completions,2023Q1,All house types,6624
New Dwelling Completions,2023Q2,Single house,1398
New Dwelling Completions,2023Q2,Scheme house,4018
New Dwelling Completions,2023Q2,Apartment,1836
New Dwelling Completions,2023Q2,All house types,7252
New Dwelling Completions,2023Q3,Single house,1416
New Dwelling Completions,2023Q3,Scheme house,3642
New Dwelling Completions,2023Q3,Apartment,3329
New Dwelling Completions,2023Q3,All house types,8387
New Dwelling Completions,2023Q4,Single house,1465
New Dwelling Completions,2023Q4,Scheme house,4750
New Dwelling Completions,2023Q4,Apartment,3985
New Dwelling Completions,2023Q4,All house types,10200
New Dwelling Completions,2024Q1,Single house,1161
New Dwelling Completions,2024Q1,Scheme house,3071
New Dwelling Completions,2024Q1,Apartment,1559
New Dwelling Completions,2024Q1,All house types,5791
New Dwelling Completions,2024Q2,Single house,1333
New Dwelling Completions,2024Q2,Scheme house,3954
New Dwelling Completions,2024Q2,Apartment,1521
New Dwelling Completions,2024Q2,All house types,6808
New Dwelling Completions,2024Q3,Single house,1318
New Dwelling Completions,2024Q3,Scheme house,4498
New Dwelling Completions,2024Q3,Apartment,3058
New Dwelling Completions,2024Q3,All house types,8874
New Dwelling Completions,2024Q4,Single house,1435
New Dwelling Completions,2024Q4,Scheme house,4669
New Dwelling Completions,2024Q4,Apartment,2547
New Dwelling Completions,2024Q4,All house types,8651
New Dwelling Completions,2025Q1,Single house,1106
New Dwelling Completions,2025Q1,Scheme house,3034
New Dwelling Completions,2025Q1,Apartment,1767
New Dwelling Completions,2025Q1,All house types,5907
New Dwelling Completions,2025Q2,Single house,1482
New Dwelling Completions,2025Q2,Scheme house,4643
New Dwelling Completions,2025Q2,Apartment,3027
New Dwelling Completions,2025Q2,All house types,9152
New Dwelling Completions,2025Q3,Single house,1496
New Dwelling Completions,2025Q3,Scheme house,4547
New Dwelling Completions,2025Q3,Apartment,3154
New Dwelling Completions,2025Q3,All house types,9197
New Dwelling Completions,2025Q4,Single house,1790
New Dwelling Completions,2025Q4,Scheme house,6078
New Dwelling Completions,2025Q4,Apartment,4091
New Dwelling Completions,2025Q4,All house types,11959
New Dwelling Completions,2026Q1,Single house,1411
New Dwelling Completions,2026Q1,Scheme house,4092
New Dwelling Completions,2026Q1,Apartment,2353
New Dwelling Completions,2026Q1,All house types,7856
New Dwelling Completions,2026Q2,Single house,1427
New Dwelling Completions,2026Q2,Scheme house,4738
New Dwelling Completions,2026Q2,Apartment,2658
New Dwelling Completions,2026Q2,All house types,8823
Seasonally Adjusted New Dwelling Completions,2011Q1,Single house,1397
Seasonally Adjusted New Dwelling Completions,2011Q1,Scheme house,474
Seasonally Adjusted New Dwelling Completions,2011Q1,Apartment,313
Seasonally Adjusted New Dwelling Completions,2011Q1,All house types,2184
Seasonally Adjusted New Dwelling Completions,2011Q2,Single house,1262
Seasonally Adjusted New Dwelling Completions,2011Q2,Scheme house,417
Seasonally Adjusted New Dwelling Completions,2011Q2,Apartment,226
Seasonally Adjusted New Dwelling Completions,2011Q2,All house types,1905
Seasonally Adjusted New Dwelling Completions,2011Q3,Single house,1167
Seasonally Adjusted New Dwelling Completions,2011Q3,Scheme house,318
Seasonally Adjusted New Dwelling Completions,2011Q3,Apartment,184
Seasonally Adjusted New Dwelling Completions,2011Q3,All house types,1669
Seasonally Adjusted New Dwelling Completions,2011Q4,Single house,1056
Seasonally Adjusted New Dwelling Completions,2011Q4,Scheme house,190
Seasonally Adjusted New Dwelling Completions,2011Q4,Apartment,127
Seasonally Adjusted New Dwelling Completions,2011Q4,All house types,1373
Seasonally Adjusted New Dwelling Completions,2012Q1,Single house,965
Seasonally Adjusted New Dwelling Completions,2012Q1,Scheme house,224
Seasonally Adjusted New Dwelling Completions,2012Q1,Apartment,141
Seasonally Adjusted New Dwelling Completions,2012Q1,All house types,1330
Seasonally Adjusted New Dwelling Completions,2012Q2,Single house,890
Seasonally Adjusted New Dwelling Completions,2012Q2,Scheme house,214
Seasonally Adjusted New Dwelling Completions,2012Q2,Apartment,79
Seasonally Adjusted New Dwelling Completions,2012Q2,All house types,1183
Seasonally Adjusted New Dwelling Completions,2012Q3,Single house,849
Seasonally Adjusted New Dwelling Completions,2012Q3,Scheme house,253
Seasonally Adjusted New Dwelling Completions,2012Q3,Apartment,92
Seasonally Adjusted New Dwelling Completions,2012Q3,All house types,1194
Seasonally Adjusted New Dwelling Completions,2012Q4,Single house,826
Seasonally Adjusted New Dwelling Completions,2012Q4,Scheme house,265
Seasonally Adjusted New Dwelling Completions,2012Q4,Apartment,134
Seasonally Adjusted New Dwelling Completions,2012Q4,All house types,1225
Seasonally Adjusted New Dwelling Completions,2013Q1,Single house,772
Seasonally Adjusted New Dwelling Completions,2013Q1,Scheme house,186
Seasonally Adjusted New Dwelling Completions,2013Q1,Apartment,87
Seasonally Adjusted New Dwelling Completions,2013Q1,All house types,1045
Seasonally Adjusted New Dwelling Completions,2013Q2,Single house,754
Seasonally Adjusted New Dwelling Completions,2013Q2,Scheme house,308
Seasonally Adjusted New Dwelling Completions,2013Q2,Apartment,151
Seasonally Adjusted New Dwelling Completions,2013Q2,All house types,1213
Seasonally Adjusted New Dwelling Completions,2013Q3,Single house,711
Seasonally Adjusted New Dwelling Completions,2013Q3,Scheme house,276
Seasonally Adjusted New Dwelling Completions,2013Q3,Apartment,38
Seasonally Adjusted New Dwelling Completions,2013Q3,All house types,1025
Seasonally Adjusted New Dwelling Completions,2013Q4,Single house,726
Seasonally Adjusted New Dwelling Completions,2013Q4,Scheme house,364
Seasonally Adjusted New Dwelling Completions,2013Q4,Apartment,186
Seasonally Adjusted New Dwelling Completions,2013Q4,All house types,1276
Seasonally Adjusted New Dwelling Completions,2014Q1,Single house,749
Seasonally Adjusted New Dwelling Completions,2014Q1,Scheme house,334
Seasonally Adjusted New Dwelling Completions,2014Q1,Apartment,180
Seasonally Adjusted New Dwelling Completions,2014Q1,All house types,1263
Seasonally Adjusted New Dwelling Completions,2014Q2,Single house,743
Seasonally Adjusted New Dwelling Completions,2014Q2,Scheme house,396
Seasonally Adjusted New Dwelling Completions,2014Q2,Apartment,256
Seasonally Adjusted New Dwelling Completions,2014Q2,All house types,1394
Seasonally Adjusted New Dwelling Completions,2014Q3,Single house,709
Seasonally Adjusted New Dwelling Completions,2014Q3,Scheme house,521
Seasonally Adjusted New Dwelling Completions,2014Q3,Apartment,166
Seasonally Adjusted New Dwelling Completions,2014Q3,All house types,1396
Seasonally Adjusted New Dwelling Completions,2014Q4,Single house,778
Seasonally Adjusted New Dwelling Completions,2014Q4,Scheme house,518
Seasonally Adjusted New Dwelling Completions,2014Q4,Apartment,155
Seasonally Adjusted New Dwelling Completions,2014Q4,All house types,1451
Seasonally Adjusted New Dwelling Completions,2015Q1,Single house,780
Seasonally Adjusted New Dwelling Completions,2015Q1,Scheme house,670
Seasonally Adjusted New Dwelling Completions,2015Q1,Apartment,119
Seasonally Adjusted New Dwelling Completions,2015Q1,All house types,1569
Seasonally Adjusted New Dwelling Completions,2015Q2,Single house,764
Seasonally Adjusted New Dwelling Completions,2015Q2,Scheme house,717
Seasonally Adjusted New Dwelling Completions,2015Q2,Apartment,172
Seasonally Adjusted New Dwelling Completions,2015Q2,All house types,1653
Seasonally Adjusted New Dwelling Completions,2015Q3,Single house,851
Seasonally Adjusted New Dwelling Completions,2015Q3,Scheme house,921
Seasonally Adjusted New Dwelling Completions,2015Q3,Apartment,249
Seasonally Adjusted New Dwelling Completions,2015Q3,All house types,2021
Seasonally Adjusted New Dwelling Completions,2015Q4,Single house,854
Seasonally Adjusted New Dwelling Completions,2015Q4,Scheme house,941
Seasonally Adjusted New Dwelling Completions,2015Q4,Apartment,131
Seasonally Adjusted New Dwelling Completions,2015Q4,All house types,1926
Seasonally Adjusted New Dwelling Completions,2016Q1,Single house,802
Seasonally Adjusted New Dwelling Completions,2016Q1,Scheme house,1043
Seasonally Adjusted New Dwelling Completions,2016Q1,Apartment,370
Seasonally Adjusted New Dwelling Completions,2016Q1,All house types,2215
Seasonally Adjusted New Dwelling Completions,2016Q2,Single house,898
Seasonally Adjusted New Dwelling Completions,2016Q2,Scheme house,1307
Seasonally Adjusted New Dwelling Completions,2016Q2,Apartment,261
Seasonally Adjusted New Dwelling Completions,2016Q2,All house types,2467
Seasonally Adjusted New Dwelling Completions,2016Q3,Single house,935
Seasonally Adjusted New Dwelling Completions,2016Q3,Scheme house,1243
Seasonally Adjusted New Dwelling Completions,2016Q3,Apartment,261
Seasonally Adjusted New Dwelling Completions,2016Q3,All house types,2438
Seasonally Adjusted New Dwelling Completions,2016Q4,Single house,941
Seasonally Adjusted New Dwelling Completions,2016Q4,Scheme house,1384
Seasonally Adjusted New Dwelling Completions,2016Q4,Apartment,231
Seasonally Adjusted New Dwelling Completions,2016Q4,All house types,2556
Seasonally Adjusted New Dwelling Completions,2017Q1,Single house,1005
Seasonally Adjusted New Dwelling Completions,2017Q1,Scheme house,1615
Seasonally Adjusted New Dwelling Completions,2017Q1,Apartment,538
Seasonally Adjusted New Dwelling Completions,2017Q1,All house types,3157
Seasonally Adjusted New Dwelling Completions,2017Q2,Single house,1040
Seasonally Adjusted New Dwelling Completions,2017Q2,Scheme house,1824
Seasonally Adjusted New Dwelling Completions,2017Q2,Apartment,461
Seasonally Adjusted New Dwelling Completions,2017Q2,All house types,3325
Seasonally Adjusted New Dwelling Completions,2017Q3,Single house,1067
Seasonally Adjusted New Dwelling Completions,2017Q3,Scheme house,2040
Seasonally Adjusted New Dwelling Completions,2017Q3,Apartment,612
Seasonally Adjusted New Dwelling Completions,2017Q3,All house types,3719
Seasonally Adjusted New Dwelling Completions,2017Q4,Single house,1093
Seasonally Adjusted New Dwelling Completions,2017Q4,Scheme house,2269
Seasonally Adjusted New Dwelling Completions,2017Q4,Apartment,536
Seasonally Adjusted New Dwelling Completions,2017Q4,All house types,3898
Seasonally Adjusted New Dwelling Completions,2018Q1,Single house,1113
Seasonally Adjusted New Dwelling Completions,2018Q1,Scheme house,2323
Seasonally Adjusted New Dwelling Completions,2018Q1,Apartment,539
Seasonally Adjusted New Dwelling Completions,2018Q1,All house types,3975
Seasonally Adjusted New Dwelling Completions,2018Q2,Single house,1144
Seasonally Adjusted New Dwelling Completions,2018Q2,Scheme house,2811
Seasonally Adjusted New Dwelling Completions,2018Q2,Apartment,482
Seasonally Adjusted New Dwelling Completions,2018Q2,All house types,4437
Seasonally Adjusted New Dwelling Completions,2018Q3,Single house,1160
Seasonally Adjusted New Dwelling Completions,2018Q3,Scheme house,2898
Seasonally Adjusted New Dwelling Completions,2018Q3,Apartment,569
Seasonally Adjusted New Dwelling Completions,2018Q3,All house types,4627
Seasonally Adjusted New Dwelling Completions,2018Q4,Single house,1210
Seasonally Adjusted New Dwelling Completions,2018Q4,Scheme house,2831
Seasonally Adjusted New Dwelling Completions,2018Q4,Apartment,595
Seasonally Adjusted New Dwelling Completions,2018Q4,All house types,4635
Seasonally Adjusted New Dwelling Completions,2019Q1,Single house,1268
Seasonally Adjusted New Dwelling Completions,2019Q1,Scheme house,3011
Seasonally Adjusted New Dwelling Completions,2019Q1,Apartment,650
Seasonally Adjusted New Dwelling Completions,2019Q1,All house types,4929
Seasonally Adjusted New Dwelling Completions,2019Q2,Single house,1310
Seasonally Adjusted New Dwelling Completions,2019Q2,Scheme house,2861
Seasonally Adjusted New Dwelling Completions,2019Q2,Apartment,687
Seasonally Adjusted New Dwelling Completions,2019Q2,All house types,4858
Seasonally Adjusted New Dwelling Completions,2019Q3,Single house,1216
Seasonally Adjusted New Dwelling Completions,2019Q3,Scheme house,3410
Seasonally Adjusted New Dwelling Completions,2019Q3,Apartment,1029
Seasonally Adjusted New Dwelling Completions,2019Q3,All house types,5656
Seasonally Adjusted New Dwelling Completions,2019Q4,Single house,1278
Seasonally Adjusted New Dwelling Completions,2019Q4,Scheme house,3203
Seasonally Adjusted New Dwelling Completions,2019Q4,Apartment,978
Seasonally Adjusted New Dwelling Completions,2019Q4,All house types,5459
Seasonally Adjusted New Dwelling Completions,2020Q1,Single house,1287
Seasonally Adjusted New Dwelling Completions,2020Q1,Scheme house,3368
Seasonally Adjusted New Dwelling Completions,2020Q1,Apartment,1134
Seasonally Adjusted New Dwelling Completions,2020Q1,All house types,5789
Seasonally Adjusted New Dwelling Completions,2020Q2,Single house,859
Seasonally Adjusted New Dwelling Completions,2020Q2,Scheme house,1843
Seasonally Adjusted New Dwelling Completions,2020Q2,Apartment,567
Seasonally Adjusted New Dwelling Completions,2020Q2,All house types,3269
Seasonally Adjusted New Dwelling Completions,2020Q3,Single house,1419
Seasonally Adjusted New Dwelling Completions,2020Q3,Scheme house,2969
Seasonally Adjusted New Dwelling Completions,2020Q3,Apartment,691
Seasonally Adjusted New Dwelling Completions,2020Q3,All house types,5079
Seasonally Adjusted New Dwelling Completions,2020Q4,Single house,1379
Seasonally Adjusted New Dwelling Completions,2020Q4,Scheme house,3437
Seasonally Adjusted New Dwelling Completions,2020Q4,Apartment,1357
Seasonally Adjusted New Dwelling Completions,2020Q4,All house types,6173
Seasonally Adjusted New Dwelling Completions,2021Q1,Single house,1134
Seasonally Adjusted New Dwelling Completions,2021Q1,Scheme house,2724
Seasonally Adjusted New Dwelling Completions,2021Q1,Apartment,854
Seasonally Adjusted New Dwelling Completions,2021Q1,All house types,4713
Seasonally Adjusted New Dwelling Completions,2021Q2,Single house,1138
Seasonally Adjusted New Dwelling Completions,2021Q2,Scheme house,2514
Seasonally Adjusted New Dwelling Completions,2021Q2,Apartment,1400
Seasonally Adjusted New Dwelling Completions,2021Q2,All house types,5052
Seasonally Adjusted New Dwelling Completions,2021Q3,Single house,1169
Seasonally Adjusted New Dwelling Completions,2021Q3,Scheme house,2563
Seasonally Adjusted New Dwelling Completions,2021Q3,Apartment,935
Seasonally Adjusted New Dwelling Completions,2021Q3,All house types,4667
Seasonally Adjusted New Dwelling Completions,2021Q4,Single house,1248
Seasonally Adjusted New Dwelling Completions,2021Q4,Scheme house,2829
Seasonally Adjusted New Dwelling Completions,2021Q4,Apartment,1705
Seasonally Adjusted New Dwelling Completions,2021Q4,All house types,5782
Seasonally Adjusted New Dwelling Completions,2022Q1,Single house,1280
Seasonally Adjusted New Dwelling Completions,2022Q1,Scheme house,3438
Seasonally Adjusted New Dwelling Completions,2022Q1,Apartment,2060
Seasonally Adjusted New Dwelling Completions,2022Q1,All house types,6778
Seasonally Adjusted New Dwelling Completions,2022Q2,Single house,1308
Seasonally Adjusted New Dwelling Completions,2022Q2,Scheme house,3866
Seasonally Adjusted New Dwelling Completions,2022Q2,Apartment,2544
Seasonally Adjusted New Dwelling Completions,2022Q2,All house types,7718
Seasonally Adjusted New Dwelling Completions,2022Q3,Single house,1489
Seasonally Adjusted New Dwelling Completions,2022Q3,Scheme house,3698
Seasonally Adjusted New Dwelling Completions,2022Q3,Apartment,2234
Seasonally Adjusted New Dwelling Completions,2022Q3,All house types,7422
Seasonally Adjusted New Dwelling Completions,2022Q4,Single house,1369
Seasonally Adjusted New Dwelling Completions,2022Q4,Scheme house,3995
Seasonally Adjusted New Dwelling Completions,2022Q4,Apartment,2166
Seasonally Adjusted New Dwelling Completions,2022Q4,All house types,7530
Seasonally Adjusted New Dwelling Completions,2023Q1,Single house,1347
Seasonally Adjusted New Dwelling Completions,2023Q1,Scheme house,3842
Seasonally Adjusted New Dwelling Completions,2023Q1,Apartment,2958
Seasonally Adjusted New Dwelling Completions,2023Q1,All house types,8148
Seasonally Adjusted New Dwelling Completions,2023Q2,Single house,1385
Seasonally Adjusted New Dwelling Completions,2023Q2,Scheme house,3917
Seasonally Adjusted New Dwelling Completions,2023Q2,Apartment,2012
Seasonally Adjusted New Dwelling Completions,2023Q2,All house types,7314
Seasonally Adjusted New Dwelling Completions,2023Q3,Single house,1407
Seasonally Adjusted New Dwelling Completions,2023Q3,Scheme house,3770
Seasonally Adjusted New Dwelling Completions,2023Q3,Apartment,3270
Seasonally Adjusted New Dwelling Completions,2023Q3,All house types,8447
Seasonally Adjusted New Dwelling Completions,2023Q4,Single house,1314
Seasonally Adjusted New Dwelling Completions,2023Q4,Scheme house,3922
Seasonally Adjusted New Dwelling Completions,2023Q4,Apartment,3122
Seasonally Adjusted New Dwelling Completions,2023Q4,All house types,8358
Seasonally Adjusted New Dwelling Completions,2024Q1,Single house,1322
Seasonally Adjusted New Dwelling Completions,2024Q1,Scheme house,3868
Seasonally Adjusted New Dwelling Completions,2024Q1,Apartment,1970
Seasonally Adjusted New Dwelling Completions,2024Q1,All house types,7161
Seasonally Adjusted New Dwelling Completions,2024Q2,Single house,1335
Seasonally Adjusted New Dwelling Completions,2024Q2,Scheme house,3846
Seasonally Adjusted New Dwelling Completions,2024Q2,Apartment,1672
Seasonally Adjusted New Dwelling Completions,2024Q2,All house types,6853
Seasonally Adjusted New Dwelling Completions,2024Q3,Single house,1320
Seasonally Adjusted New Dwelling Completions,2024Q3,Scheme house,4658
Seasonally Adjusted New Dwelling Completions,2024Q3,Apartment,2989
Seasonally Adjusted New Dwelling Completions,2024Q3,All house types,8967
Seasonally Adjusted New Dwelling Completions,2024Q4,Single house,1277
Seasonally Adjusted New Dwelling Completions,2024Q4,Scheme house,3843
Seasonally Adjusted New Dwelling Completions,2024Q4,Apartment,1985
Seasonally Adjusted New Dwelling Completions,2024Q4,All house types,7105
Seasonally Adjusted New Dwelling Completions,2025Q1,Single house,1243
Seasonally Adjusted New Dwelling Completions,2025Q1,Scheme house,3826
Seasonally Adjusted New Dwelling Completions,2025Q1,Apartment,2252
Seasonally Adjusted New Dwelling Completions,2025Q1,All house types,7321
Seasonally Adjusted New Dwelling Completions,2025Q2,Single house,1506
Seasonally Adjusted New Dwelling Completions,2025Q2,Scheme house,4535
Seasonally Adjusted New Dwelling Completions,2025Q2,Apartment,3368
Seasonally Adjusted New Dwelling Completions,2025Q2,All house types,9410
Seasonally Adjusted New Dwelling Completions,2025Q3,Single house,1506
Seasonally Adjusted New Dwelling Completions,2025Q3,Scheme house,4701
Seasonally Adjusted New Dwelling Completions,2025Q3,Apartment,3031
Seasonally Adjusted New Dwelling Completions,2025Q3,All house types,9238
Seasonally Adjusted New Dwelling Completions,2025Q4,Single house,1578
Seasonally Adjusted New Dwelling Completions,2025Q4,Scheme house,4993
Seasonally Adjusted New Dwelling Completions,2025Q4,Apartment,3192
Seasonally Adjusted New Dwelling Completions,2025Q4,All house types,9762
Seasonally Adjusted New Dwelling Completions,2026Q1,Single house,1571
Seasonally Adjusted New Dwelling Completions,2026Q1,Scheme house,5164
Seasonally Adjusted New Dwelling Completions,2026Q1,Apartment,3007
Seasonally Adjusted New Dwelling Completions,2026Q1,All house types,9742
Seasonally Adjusted New Dwelling Completions,2026Q2,Single house,1470
Seasonally Adjusted New Dwelling Completions,2026Q2,Scheme house,4643
Seasonally Adjusted New Dwelling Completions,2026Q2,Apartment,3023
Seasonally Adjusted New Dwelling Completions,2026Q2,All house types,9137
